{
  "n": 75,
  "dim": 4,
  "scale_prob": 0.1,
  "seed": 42,
  "vectors": [
    [
      0.8742420044100528,
      0.03419539629932123,
      0.37602769096076016,
      0.3051798948616122
    ],
    [
      0.5483463916160326,
      0.503842804715699,
      0.6642804731748193,
      0.06473110455208347
    ],
    [
      0.6076686488845702,
      0.04291514501420173,
      0.31489113988669726,
      0.7278328609729485
    ],
    [
      0.030447828855531062,
      0.22814974656171888,
      0.7456886020418035,
      0.6252752447096787
    ],
    [
      0.2150207390646141,
      0.5747776506864584,
      0.7895293227041573,
      0.0063389773447564395
    ],
    [
      0.7131737076953197,
      0.6178738714413647,
      0.3011317015056011,
      0.13760392432816723
    ],
    [
      0.9352545330478952,
      0.32887304118196753,
      0.09061824682634015,
      0.0944976959465565
    ],
    [
      0.5629115336250168,
      0.4009989443006523,
      0.536100099519387,
      0.4846928256916924
    ],
    [
      0.41339754827873826,
      0.7502099897995499,
      0.2918257845325359,
      0.4255880047229451
    ],
    [
      0.5661296385937697,
      0.42218518771467617,
      0.5881782886838117,
      0.39408527034259216
    ],
    [
      0.8847298212334346,
      0.05754161133888881,
      0.2861715304429172,
      0.36338404140624797
    ],
    [
      0.2073890718279802,
      0.6050518825800768,
      0.2625150235171127,
      0.7224872695767335
    ],
    [
      0.7501390078493919,
      0.4305199714000257,
      0.4368318053135941,
      0.24722863304018258
    ],
    [
      0.2024192481540053,
      0.7101598026741132,
      0.4913323303486821,
      0.46183551595429
    ],
    [
      0.20008333284276508,
      0.8524440349091261,
      0.19103876237740033,
      0.44363275187444273
    ],
    [
      0.6720968862875377,
      0.43469600343032055,
      0.3782873727727251,
      0.46499873510044365
    ],
    [
      0.7211324114542074,
      0.6639347601837033,
      0.19597035317569705,
      0.02746452341186331
    ],
    [
      0.30012017883932857,
      0.2547270982950738,
      0.20072783933696212,
      0.8970787692074403
    ],
    [
      0.7269902526773147,
      0.26104085222137297,
      0.5437187619710268,
      0.32819621244677344
    ],
    [
      0.8426491020620872,
      0.4227785474476942,
      0.24405622731668017,
      0.22723852780707032
    ],
    [
      0.45354378264313455,
      0.21227571665583847,
      0.4723020869031205,
      0.7253742455112152
    ],
    [
      0.3302838200818696,
      0.18136706695516017,
      0.8249126556129776,
      0.4213522229984725
    ],
    [
      0.14091587748854287,
      0.07303364116317558,
      0.16996373697456205,
      0.9725847679476193
    ],
    [
      0.8104082527223688,
      0.4319288400331188,
      0.06499775105676886,
      0.3904500396013349
    ],
    [
      0.5793602334405741,
      0.30774142245546904,
      0.564794819892044,
      0.5006433343567868
    ],
    [
      0.01017719550913282,
      0.6388740392499603,
      0.6042928705075402,
      0.47599003489334313
    ],
    [
      0.32274533678261463,
      0.775291986428357,
      0.1349308280917453,
      0.5258815978863729
    ],
    [
      0.32474163424015684,
      0.682670397748067,
      0.6268702984765174,
      0.18851426449340672
    ],
    [
      0.3657524891718659,
      0.13053172730056303,
      0.6668101555872974,
      0.6360430812752857
    ],
    [
      0.3160792216546914,
      0.6767035806978238,
      0.6449528889680747,
      0.1618701965175885
    ],
    [
      0.5747826476081204,
      0.4065853322548391,
      0.5869306885108397,
      0.3997819937015832
    ],
    [
      0.0005810677233408796,
      0.32935460278106404,
      0.01978909421353936,
      0.9439987286736333
    ],
    [
      0.7031485392416821,
      0.6654943012874928,
      0.2460711557662777,
      0.04635140791830252
    ],
    [
      0.635116380150626,
      0.684984656692279,
      0.061958218308857387,
      0.3515457053421619
    ],
    [
      0.06354607207962686,
      0.6983314736543652,
      0.7031353709232867,
      0.1178800228348535
    ],
    [
      0.4076154577341868,
      0.4715269358877594,
      0.22731997673273527,
      0.7482229717982996
    ],
    [
      0.41342417205505144,
      0.20693605892694877,
      0.5269157355408135,
      0.7131744030150418
    ],
    [
      0.16155317805750208,
      0.2503529271152604,
      0.7992477817479023,
      0.5219453667917741
    ],
    [
      0.6046658831239701,
      0.7143583498251319,
      0.16701003182338905,
      0.3101273401223671
    ],
    [
      0.45103842335761585,
      0.7848600074343258,
      0.3069950267099883,
      0.2937910191966384
    ],
    [
      0.06285945290850133,
      0.5587978893872615,
      0.20271206799538966,
      0.8016866130137249
    ],
    [
      0.7694443280262366,
      0.06342315120422155,
      0.21303370697056578,
      0.5987900881393733
    ],
    [
      0.1905037813044834,
      0.11765442083871382,
      0.8318785295686847,
      0.507783279173747
    ],
    [
      0.382462877506542,
      0.6348766606308064,
      0.6533881032513331,
      0.15407063200142007
    ],
    [
      0.12590205595334067,
      0.559886249979974,
      0.5501802488752338,
      0.6066116988137219
    ],
    [
      0.5203387448442416,
      0.48057779395764005,
      0.7023950816378471,
      0.07024047166476975
    ],
    [
      0.38714664248440794,
      0.32626160191776843,
      0.828554386465025,
      0.2390992952659368
    ],
    [
      0.2708976047150081,
      0.6389203142318325,
      0.6008484389149583,
      0.3967070370878558
    ],
    [
      0.18350718432950996,
      0.67822857235215,
      0.32552272370878427,
      0.6327448721987671
    ],
    [
      0.38885454311904444,
      0.035745224360084385,
      0.7060833272809222,
      0.5907290056929899
    ],
    [
      0.6073984127854924,
      0.5806769952989338,
      0.5319901270470874,
      0.10424922062389841
    ],
    [
      0.727347904534811,
      0.3201307344558417,
      0.6006406812214515,
      0.08781862380732972
    ],
    [
      0.2825049248020759,
      0.7344969521064286,
      0.1976952091179003,
      0.5844842162973863
    ],
    [
      0.30046214770827995,
      0.27933055051392364,
      0.6321591756516616,
      0.6573216244606044
    ],
    [
      0.5741523281076832,
      0.7421721721483799,
      0.15991727824674315,
      0.3065224871607897
    ],
    [
      0.6641712550862893,
      0.3971004251465267,
      0.3717425271407178,
      0.5128306638458583
    ],
    [
      0.04967099370151586,
      0.5075928118439873,
      0.43692747243983565,
      0.7409296279515046
    ],
    [
      0.15831943076358646,
      0.9661902645461656,
      0.08056267423252646,
      0.18687157638177126
    ],
    [
      0.6344276403460568,
      0.7199129975216917,
      0.250774871075904,
      0.12782335154865404
    ],
    [
      0.7059727332924247,
      0.19524182732722714,
      0.47143692283778915,
      0.4911520706408398
    ],
    [
      0.3250488855681334,
      0.4525542739250438,
      0.4053431293361992,
      0.7247308456544597
    ],
    [
      0.2330369061666493,
      0.8170947597411123,
      0.272313981940668,
      0.45154739419855766
    ],
    [
      0.6115292012456911,
      0.2731273559066079,
      0.2878582740659478,
      0.6845225325225209
    ],
    [
      0.04885963907393577,
      0.30866699595681485,
      0.672484548709554,
      0.6708963802432294
    ],
    [
      0.07355159629758656,
      0.21400062256599325,
      0.2662533694849443,
      0.9369648016128236
    ],
    [
      0.6735206858926965,
      0.6723019444925615,
      0.2825454203929737,
      0.12061536602402823
    ],
    [
      0.5232537052700055,
      0.4415377515134562,
      0.38388557024090736,
      0.6195819904342483
    ],
    [
      0.6007541697693681,
      0.007186444088163845,
