{
  "n": 75,
  "dim": 3,
  "scale_prob": 0.25,
  "seed": 99,
  "vectors": [
    [
      0.832990985181241,
      0.41254971995769574,
      0.36868515995305845
    ],
    [
      0.29646487885592776,
      0.9067977963448348,
      0.29971041381488855
    ],
    [
      0.40264046559890865,
      0.7192734695221111,
      0.5661504495307926
    ],
    [
      0.823733360746892,
      0.4294991960913179,
      0.3701267228254971
    ],
    [
      0.5514425318166034,
      0.19486338437827944,
      0.8111346346521872
    ],
    [
      0.43008379754389087,
      0.4463359418628858,
      0.7847369967649009
    ],
    [
      0.140064312603864,
      0.6075918965075876,
      0.7818018135263695
    ],
    [
      0.29820182374457005,
      0.8333810169675059,
      0.4653512145397475
    ],
    [
      0.7815743820294307,
      0.47333946706700797,
      0.4063142063379454
    ],
    [
      0.7973534634745835,
      0.022552660587992573,
      0.603091064256045
    ],
    [
      0.8139000772044094,
      0.4394585396976655,
      0.38005638557120935
    ],
    [
      0.6166847883815318,
      0.41478642346925904,
      0.6690680792598059
    ],
    [
      0.35361945278138907,
      0.2134657320178283,
      0.9107061347485719
    ],
    [
      0.16022089753530483,
      0.7889287216452505,
      0.5932290756159646
    ],
    [
      0.6490811989862371,
      0.6233411795897182,
      0.4360497344917064
    ],
    [
      0.07790334282543632,
      0.04898384261632183,
      0.995756823897864
    ],
    [
      0.8841663936344436,
      0.08754650837337011,
      0.45889584574181275
    ],
    [
      0.2674908855456254,
      0.9633991743401803,
      0.017625465403101004
    ],
    [
      0.5069460947970121,
      0.8047877023924829,
      0.308743276927429
    ],
    [
      0.9635489832974918,
      0.06780925831420051,
      0.2587957906791526
    ],
    [
      0.28566783260561773,
      0.44813521675515877,
      0.8470942786480237
    ],
    [
      0.29294891697134706,
      0.5754501800720724,
      0.7635692649002671
    ],
    [
      0.1235425009871912,
      0.8152027596726663,
      0.5658460135689733
    ],
    [
      0.7141524726345783,
      0.5811255438741811,
      0.3902298657033507
    ],
    [
      0.3930049000471998,
      0.5851796377235042,
      0.709303841898998
    ],
    [
      0.5738846378141682,
      0.4700754085522047,
      0.6705859622415152
    ],
    [
      0.4512770272604444,
      0.6198939307695623,
      0.641935011712274
    ],
    [
      0.7135982779698805,
      0.09885436150112459,
      0.6935454656261738
    ],
    [
      0.5310791625536455,
      0.2067444138475793,
      0.8217126446904292
    ],
    [
      0.9353388072032722,
      0.07614020959408462,
      0.3454619866534217
    ],
    [
      0.4000827235450457,
      0.8243903452713285,
      0.40039277334162554
    ],
    [
      0.7346614521564673,
      0.658210875663101,
      0.16441105155726154
    ],
    [
      0.6003593671854671,
      0.6300288072881008,
      0.49257723477623133
    ],
    [
      0.5922230668896402,
      0.6596707925632572,
      0.4627162029611591
    ],
    [
      0.6707875176267615,
      0.6697926965632985,
      0.31846797299978574
    ],
    [
      0.7576234602735162,
      0.6245933634058812,
      0.18944609479351227
    ],
    [
      0.7475478622608861,
      0.6228658818416557,
      0.23067355042742935
    ],
    [
      0.3650853708517513,
      0.9257269682787449,
      0.0987028479400816
    ],
    [
      0.4019788514455713,
      0.884915196085763,
      0.2352405125121838
    ],
    [
      0.3708171956521085,
      0.6686018400473981,
      0.6445666659810602
    ],
    [
      0.5924170028779107,
      0.40078815043693206,
      0.6988640448402655
    ],
    [
      0.2554727419875922,
      0.8769003843201908,
      0.40716015777632586
    ],
    [
      0.6991782065211388,
      0.6490263086938125,
      0.29985777653609025
    ],
    [
      0.5055448127730712,
      0.4504124363865405,
      0.7359029008140823
    ],
    [
      0.7537690128113694,
      0.49746221237124194,
      0.4293758523579115
    ],
    [
      0.7632899931279229,
      0.2970509978956451,
      0.5737151654261693
    ],
    [
      0.5766148432923355,
      0.8010946716327932,
      0.16050747514213362
    ],
    [
      0.7083456063730328,
      0.18284464203463952,
      0.6817729378695264
    ],
    [
      0.49900396513593637,
      0.5641917969739901,
      0.6577861803092804
    ],
    [
      0.24195881970446712,
      0.9004062108093106,
      0.3615585500347632
    ],
    [
      0.5926597569727038,
      0.1664782282348473,
      0.7880605382766236
    ],
    [
      0.0017452637385124159,
      0.41932718749248277,
      0.9078335000891558
    ],
    [
      0.6816013468811385,
      0.15259629344862605,
      0.7156353646624505
    ],
    [
      0.4966141154225676,
      0.22956385373236687,
      0.8370632338256204
    ],
    [
      0.7221319580360391,
      0.4573877159373689,
      0.5189623420756396
    ],
    [
      0.5298272882327023,
      0.5399924433331768,
      0.6539810439049796
    ],
    [
      0.9673861068711863,
      0.25197479112007826,
      0.02593886798999799
    ],
    [
      0.15805437687376916,
      0.46220817684220566,
      0.8725722979852437
    ],
    [
      0.8652883728786669,
      0.3752102396043885,
      0.332405336685509
    ],
    [
      0.44677651238175314,
      0.7603410884195068,
      0.47145750311670387
    ],
    [
      0.230254221668761,
      0.5902478225665934,
      0.7736863068189255
    ],
    [
      0.8773360009245214,
      0.440477544359567,
      0.1904234082163586
    ],
    [
      0.9292313878901305,
      0.2590523664089152,
      0.26347846063335595
    ],
    [
      0.37541468904017206,
      0.7147845848259557,
      0.59003966692762
    ],
    [
      0.3955526346185282,
      0.9027300439124156,
      0.16916436109366925
    ],
    [
      0.36671686752559884,
      0.4010336234813394,
      0.8394586183425838
    ],
    [
      0.6987454180428393,
      0.3005043922296344,
      0.6491933078943712
    ],
    [
      0.6788762372149522,
      0.34719054547524325,
      0.6469820551433177
    ],
    [
      0.869313635281638,
      0.4656654088839048,
      0.1656789983142376
    ],
    [
      0.14267282352960844,
      0.4572933482381122,
      0.8777968210715199
    ],
    [
      0.02593702401864362,
      0.5548985287626014,
      0.8315136159812156
    ],
    [
      0.3399323927855033,
      0.7428655316350171,
      0.5767120340722445
    ],
    [
      0.5264055822493062,
      0.6256554846275819,
      0.575719009180863
    ],
    [
      0.5608082300371486,
      0.22487697477098872,
      0.7968214827302592
    ],
    [
      0.13663711752026422,
      0.10398930977457149,
      0.9851479693773731
    ]
  ]
}