{
  "n": 150,
  "dim": 3,
  "scale_prob": 0.45,
  "seed": 42,
  "vectors": [
    [
      -0.5738469540590214,
      -0.6885972478980242,
      -0.44332099375559764
    ],
    [
      0.423225386889235,
      -0.07692286706353635,
      -0.9027530916120879
    ],
    [
      0.6944795261433637,
      -0.5586823860353726,
      -0.4534006829521894
    ],
    [
      0.09720522439481975,
      0.19485347719296436,
      0.9760037227265906
    ],
    [
      0.6604443365423823,
      0.11114800766391206,
      -0.742603123290924
    ],
    [
      -0.6053876220645782,
      0.1469774779785385,
      0.7822425761987541
    ],
    [
      0.07658936779699688,
      -0.1954836031556674,
      0.9777117313593685
    ],
    [
      -0.9284908017035037,
      -0.19947545972360922,
      0.31323213775096537
    ],
    [
      0.8902259800305654,
      -0.2452641522641169,
      0.3838530970212217
    ],
    [
      0.17946434226356864,
      0.5656412516688049,
      -0.8048866530552314
    ],
    [
      0.1845515064932716,
      -0.4918727350693358,
      -0.8508830436355369
    ],
    [
      -0.4319072842964864,
      -0.6517565875857487,
      0.6234335957503528
    ],
    [
      0.4084088567228225,
      -0.7495205182779797,
      0.5209809962279485
    ],
    [
      -0.9563345464166783,
      -0.08229668453548027,
      -0.2804487315793634
    ],
    [
      0.10955267053376498,
      0.7838131956785678,
      0.6112569726874875
    ],
    [
      0.3977490904936285,
      0.738860452729867,
      0.5439493472772141
    ],
    [
      -0.590183440035535,
      -0.6752637236693109,
      -0.4423826517892385
    ],
    [
      0.20791496084889985,
      -0.10414584348427512,
      0.9725867633996205
    ],
    [
      -0.5213754297912189,
      -0.6992938264537842,
      0.48903558714437795
    ],
    [
      0.8242126499920718,
      0.2931380372523036,
      0.4845034558276272
    ],
    [
      0.7071768870151958,
      -0.046618496110490966,
      -0.7054980980072826
    ],
    [
      -0.2939998049026553,
      0.5265241770735432,
      -0.7977069672970324
    ],
    [
      0.08258547104112397,
      0.6237072121065909,
      -0.7772830588267956
    ],
    [
      0.28945543758380776,
      0.23231401788514783,
      0.9285718856110311
    ],
    [
      0.598967968271237,
      -0.588761497701714,
      -0.5427681565908791
    ],
    [
      -0.6001964356027872,
      0.6873066204445889,
      -0.40911349059001595
    ],
    [
      -0.0673041091642498,
      0.7177709926826727,
      -0.6930187291501848
    ],
    [
      -0.13620507924985562,
      -0.8540294247042169,
      -0.502077601697113
    ],
    [
      -0.40977029322976527,
      0.3000802811294817,
      0.8614175129770949
    ],
    [
      -0.05933435571066173,
      0.8397702935867518,
      0.5396899927195439
    ],
    [
      0.7576798476732398,
      0.6239988717151287,
      0.1911717984643718
    ],
    [
      -0.717847005487335,
      0.6414719787167613,
      0.2705723142416255
    ],
    [
      0.5319024752217579,
      -0.012965076189889816,
      0.8467063621187438
    ],
    [
      -0.21922327444314965,
      0.9731372095673045,
      0.07032159908579583
    ],
    [
      -0.4129836871713173,
      -0.902689402115207,
      -0.12081522023020742
    ],
    [
      0.7998115578906224,
      0.4587480589097285,
      0.3871068202849593
    ],
    [
      -0.9348315438658023,
      0.2797421766297815,
      0.2187105374871374
    ],
    [
      -0.6591569171937512,
      -0.752000325196712,
      -0.0027693717102678156
    ],
    [
      0.8345841682022819,
      -0.5105121789951242,
      -0.20699415760778198
    ],
    [
      0.9210109106727153,
      -0.30174354204842285,
      -0.24635287141392773
    ],
    [
      0.0773295524235798,
      -0.9817134162312788,
      0.1739508801744932
    ],
    [
      -0.806992814452584,
      0.5905574436184077,
      0.002122076527463721
    ],
    [
      0.8534753224216433,
      0.10496940736559504,
      0.5104520521406373
    ],
    [
      -0.9666177975480651,
      -0.09058952429529447,
      0.23967388583506538
    ],
    [
      0.6667941242099031,
      -0.642041267288594,
      0.3783762770280459
    ],
    [
      0.3301152786441001,
      0.856081159326134,
      0.39767945817272266
    ],
    [
      0.038462898800031474,
      -0.3853217028391408,
      -0.9219803635311563
    ],
    [
      0.09585517274151074,
      -0.09402756590389291,
      0.9909442984895187
    ],
    [
      -0.35649228000392813,
      0.1869272968310032,
      -0.9154077998340712
    ],
    [
      -0.4160462031977438,
      0.27474049363888736,
      0.8668467096089147
    ],
    [
      0.791515250380105,
      -0.024130870890446455,
      -0.6106728334270228
    ],
    [
      0.5400957405517742,
      0.6098553808920945,
      0.5799767283562238
    ],
    [
      -0.5244918407904936,
      0.8488666439723459,
      0.06583106937704956
    ],
    [
      0.4440105887254894,
      0.8083482516328354,
      0.3865587939522038
    ],
    [
      0.13110411138875325,
      0.985076849933693,
      0.11151372875873983
    ],
    [
      -0.19520675195159104,
      0.07384919970737343,
      0.9779778216785341
    ],
    [
      0.0906857831227033,
      0.3967583413330877,
      0.9134324864608435
    ],
    [
      -0.2808878818880174,
      -0.9456261740502776,
      0.16399127037588673
    ],
    [
      0.2113764562317335,
      -0.559423474199071,
      0.8014769929735696
    ],
    [
      0.47621983403127,
      -0.7798890194337728,
      0.4061868868413382
    ],
    [
      -0.1254666128552106,
      -0.9488294353842956,
      0.28979446441738593
    ],
    [
      -0.04960073285454708,
      -0.8175800774802934,
      0.5736746327035992
    ],
    [
      0.5704632450333202,
      -0.675001592626775,
      0.4679150948808676
    ],
    [
      0.7823651229823124,
      -0.5492904938329259,
      0.29357242330582
    ],
    [
      0.000939540201708709,
      0.7725691417944077,
      -0.6349299476408887
    ],
    [
      0.9073031433620757,
      -0.39963108096632094,
      -0.13075169280352109
    ],
    [
      0.6470107384683547,
      -0.0029169925768066205,
      0.7624753080991812
    ],
    [
      -0.5912227385623054,
      0.46869081211550484,
      -0.6563418286574432
    ],
    [
      -0.9223115133443072,
      0.08343695831286799,
      -0.3773324082821814
    ],
    [
      0.06952760668427428,
      -0.7227833708702289,
      0.6875682589403223
    ],
    [
      -0.08267698092872322,
      0.8628792374127385,
      -0.49860198401783606
    ],
    [
      0.08877418083140672,
      0.9604473501867642,
      -0.263931870635086
    ],
    [
      -0.9004171984473804,
      -0.3290889182104949,
      0.28451599717980164
    ],
    [
      0.4661988491281354,
      0.8676369892840602,
      -0.17281402691244044
    ],
    [
      -0.7731585843298102,
      -0.20992159047197378,
      0.5984636407759795
    ],
    [
      0.23145594360181537,
      -0.972689370846643,
      -0.017422227565816836
    ],
    [
      0.5364660381126488,
      0.8159397006456185,
      0.2155147207548855
    ],
    [
      0.20198860909566554,
      -0.8099112340986072,
      -0.5506763066234731
    ],
    [
      0.06097481018905267,
      0.653987550576747,
      0.7540440015098825
    ],
    [
      -0.3253346082180449,
      -0.7836887683217315,
      -0.5291401582775387
    ],
    [
      -0.43422894079657365,
      0.24148061471070942,
      -0.867831976648489
    ],
    [
      -0.2055085232193962,
      0.2774075233116461,
      0.9385154835666172
    ],
    [
      0.06600527645051028,
      0.926933021585826,
      -0.3693757937040033
    ],
    [
      -0.4072162500011562,
      -0.36891769671836866,
      0.8355086228058988
    ],
    [
      0.2832927143336084,
      0.1388788423940094,
      0.948924604560761
    ],
    [
      -0.046656834284967294,
      0.8949388540447981,
      0.44374270398000754
    ],
    [
